,ifeval,bbh,math,gpqa,musr,mmlu_pro
ifeval,1.0,0.6268108296433302,0.581261255946104,0.4376781564451029,0.3442405735232757,0.6456311322047209
bbh,0.6268108296433302,1.0,0.7207255508257167,0.8409251515422963,0.7188832659650669,0.9580972341221045
math,0.581261255946104,0.7207255508257167,1.0,0.6707469037728667,0.5149428782552864,0.7634602644768231
gpqa,0.4376781564451029,0.8409251515422963,0.6707469037728667,1.0,0.7243065753320204,0.8382346607368619
musr,0.3442405735232757,0.7188832659650669,0.5149428782552864,0.7243065753320204,1.0,0.7008800324585439
mmlu_pro,0.6456311322047209,0.9580972341221045,0.7634602644768231,0.8382346607368619,0.7008800324585439,1.0
