,ifeval,bbh,math,gpqa,musr,mmlu_pro
ifeval,1.0,0.6236156537845357,0.6833526902459478,0.49162103178973143,0.3736301761937759,0.6510233468409239
bbh,0.6236156537845357,1.0,0.7924160438325599,0.8611027692465137,0.732542294800588,0.9490146678915734
math,0.6833526902459478,0.7924160438325599,1.0,0.7067885602008581,0.5317185737231974,0.8420495232691753
gpqa,0.49162103178973143,0.8611027692465137,0.7067885602008581,1.0,0.7159040982348828,0.8568681520206856
musr,0.3736301761937759,0.732542294800588,0.5317185737231974,0.7159040982348828,1.0,0.6903109639314843
mmlu_pro,0.6510233468409239,0.9490146678915734,0.8420495232691753,0.8568681520206856,0.6903109639314843,1.0
