,IFEval,BBH,MATH Lvl 5,GPQA,MuSR,MMLU-PRO
IFEval,1.0,-0.07857232746979072,0.14868724556226418,-0.21124487305789447,-0.3157206792893811,-0.24735270196106218
BBH,-0.07857232746979072,1.0,-0.09635534049469928,0.27049319788137477,0.1962854060720101,0.6423399640954872
MATH Lvl 5,0.14868724556226418,-0.09635534049469928,1.0,-0.4121804484988634,-0.42094448621096864,-0.10473555943420518
GPQA,-0.21124487305789447,0.27049319788137477,-0.4121804484988634,1.0,0.4974301439987763,0.3302634404132152
MuSR,-0.3157206792893811,0.1962854060720101,-0.42094448621096864,0.4974301439987763,1.0,0.2929504364184137
MMLU-PRO,-0.24735270196106218,0.6423399640954872,-0.10473555943420518,0.3302634404132152,0.2929504364184137,1.0
